scenario_name,total_transportation_cost,total_holding_cost,total_stockout_cost,total_cost
Baseline,12015833.668843085,67712.92015946221,15292637.383959275,27376183.97296182
Increased_Capacity_10pct,12015833.668843085,67712.92015946221,15292637.383959275,27376183.97296182
Increased_Capacity_20pct,12015833.668843085,67712.92015946221,15292637.383959275,27376183.97296182
Increased_Capacity_30pct,12015833.668843085,67712.92015946221,15292637.383959275,27376183.97296182
Reduced_Transport_Cost_10pct,11890084.177421726,70727.96853472473,14140798.762939999,26101610.90889645
Reduced_Transport_Cost_20pct,11821971.852989681,72462.01106926028,12822160.585812658,24716594.4498716
Increased_Transport_Cost_10pct,12738824.121097192,65027.00603378002,15745551.957632165,28549403.08476314
Higher_Service_Target_97pct,12015833.668843085,67712.92015946221,15292637.383959275,27376183.97296182
Higher_Service_Target_99pct,12015833.668843085,67712.92015946221,15292637.383959275,27376183.97296182
