scenario_name,on_time_delivery_rate,order_fulfillment_rate,total_stockouts
Baseline,0.5190476190476191,0.6397099832682656,194446.0
Increased_Capacity_10pct,0.5190476190476191,0.6397099832682656,194446.0
Increased_Capacity_20pct,0.5190476190476191,0.6397099832682656,194446.0
Increased_Capacity_30pct,0.5190476190476191,0.6397099832682656,194446.0
Reduced_Transport_Cost_10pct,0.5273311897106109,0.691220749574295,166646.0
Reduced_Transport_Cost_20pct,0.5104562737642585,0.7470339619005619,136524.0
Increased_Transport_Cost_10pct,0.5012886597938144,0.6152182815044849,207664.0
Higher_Service_Target_97pct,0.5190476190476191,0.6397099832682656,194446.0
Higher_Service_Target_99pct,0.5190476190476191,0.6397099832682656,194446.0
